Story ID;Requirement ID;Epic;Acteur;Titre;User story;Priorité;Release;Estimation;Statut;Critère d’acceptation;Impact sécurité
US-ADM-001;ADM-001;Administration et paramétrage;Administrateur fonctionnel CNPM;Créer, modifier, désactiver et historiser chaque valeur de référentiel;En tant que administrateur fonctionnel cnpm, je veux créer, modifier, désactiver et historiser chaque valeur de référentiel. afin de sécuriser et fluidifier le processus administration et paramétrage.;Must;R1 - PoC / socle;8;À affiner;Toute modification conserve auteur, date, ancienne et nouvelle valeur.;Standard
US-ADM-002;ADM-002;Administration et paramétrage;Administrateur fonctionnel CNPM;Soumettre les changements sensibles à validation à quatre yeux;En tant que administrateur fonctionnel cnpm, je veux soumettre les changements sensibles à validation à quatre yeux. afin de sécuriser et fluidifier le processus administration et paramétrage.;Must;R1 - PoC / socle;8;À affiner;Aucune règle financière publiée sans second valideur.;Standard
US-ADM-003;ADM-003;Administration et paramétrage;Administrateur fonctionnel CNPM;Importer/exporter les référentiels en Excel avec contrôle de format;En tant que administrateur fonctionnel cnpm, je veux importer/exporter les référentiels en Excel avec contrôle de format. afin de sécuriser et fluidifier le processus administration et paramétrage.;Should;R2 - Déploiement élargi;5;À affiner;Rapport d’erreurs ligne par ligne disponible.;Standard
US-ADM-004;ADM-004;Administration et paramétrage;Administrateur fonctionnel CNPM;Versionner les barèmes et empêcher les modifications rétroactives non autorisées;En tant que administrateur fonctionnel cnpm, je veux versionner les barèmes et empêcher les modifications rétroactives non autorisées. afin de sécuriser et fluidifier le processus administration et paramétrage.;Must;R1 - PoC / socle;8;À affiner;"Une version publiée est immutable; une correction crée une nouvelle version.";Standard
US-ADM-005;ADM-005;Administration et paramétrage;Administrateur fonctionnel CNPM;Simuler l’impact d’un nouveau barème avant publication;En tant que administrateur fonctionnel cnpm, je veux simuler l’impact d’un nouveau barème avant publication. afin de sécuriser et fluidifier le processus administration et paramétrage.;Could;R3 - Innovation;3;À affiner;Le système calcule le montant projeté sur la base active.;Standard
US-MEM-001;MEM-001;Membres et entreprises;Gestionnaire des membres;Attribuer un identifiant CNPM unique non réutilisable;En tant que gestionnaire des membres, je veux attribuer un identifiant CNPM unique non réutilisable. afin de sécuriser et fluidifier le processus membres et entreprises.;Must;R1 - PoC / socle;8;À affiner;Deux comptes ne peuvent partager le même identifiant.;Standard
US-MEM-002;MEM-002;Membres et entreprises;Gestionnaire des membres;Détecter les doublons par NIF, RCCM, raison sociale, téléphone et e-mail;En tant que gestionnaire des membres, je veux détecter les doublons par NIF, RCCM, raison sociale, téléphone et e-mail. afin de sécuriser et fluidifier le processus membres et entreprises.;Must;R1 - PoC / socle;8;À affiner;Le système bloque ou soumet à arbitrage selon le score de similarité.;Standard
US-MEM-003;MEM-003;Membres et entreprises;Gestionnaire des membres;Gérer plusieurs établissements et plusieurs contacts par entreprise;En tant que gestionnaire des membres, je veux gérer plusieurs établissements et plusieurs contacts par entreprise. afin de sécuriser et fluidifier le processus membres et entreprises.;Must;R1 - PoC / socle;8;À affiner;Un contact principal et un contact financier sont identifiables.;Standard
US-MEM-004;MEM-004;Membres et entreprises;Gestionnaire des membres;Historiser tout changement de catégorie, groupement, statut ou représentant;En tant que gestionnaire des membres, je veux historiser tout changement de catégorie, groupement, statut ou représentant. afin de sécuriser et fluidifier le processus membres et entreprises.;Must;R1 - PoC / socle;8;À affiner;La timeline restitue la valeur, l’auteur, la date et le motif.;Standard
US-MEM-005;MEM-005;Membres et entreprises;Gestionnaire des membres;Gérer les fusions, changements de raison sociale et successions juridiques;En tant que gestionnaire des membres, je veux gérer les fusions, changements de raison sociale et successions juridiques. afin de sécuriser et fluidifier le processus membres et entreprises.;Should;R2 - Déploiement élargi;5;À affiner;Les liens entre entités antérieures et nouvelles restent consultables.;Standard
US-MEM-006;MEM-006;Membres et entreprises;Gestionnaire des membres;Générer une carte membre numérique avec QR sécurisé;En tant que gestionnaire des membres, je veux générer une carte membre numérique avec QR sécurisé. afin de sécuriser et fluidifier le processus membres et entreprises.;Should;R2 - Déploiement élargi;5;À affiner;Le QR ouvre une page de vérification sans exposer de données sensibles.;Standard
US-MEM-007;MEM-007;Membres et entreprises;Gestionnaire des membres;Permettre une vue consolidée groupe de sociétés;En tant que gestionnaire des membres, je veux permettre une vue consolidée groupe de sociétés. afin de sécuriser et fluidifier le processus membres et entreprises.;Could;R3 - Innovation;3;À affiner;Les soldes et contributions sont agrégés sans fusionner les comptes juridiques.;Standard
US-MEM-008;MEM-008;Membres et entreprises;Gestionnaire des membres;Exporter la fiche membre complète selon les droits;En tant que gestionnaire des membres, je veux exporter la fiche membre complète selon les droits. afin de sécuriser et fluidifier le processus membres et entreprises.;Must;R1 - PoC / socle;8;À affiner;PDF horodaté et journalisé, données masquées selon le rôle.;Standard
US-ENR-001;ENR-001;Enrôlement et adhésion;Validateur des enrôlements;Proposer des formulaires adaptatifs selon forme juridique et catégorie;En tant que validateur des enrôlements, je veux proposer des formulaires adaptatifs selon forme juridique et catégorie. afin de sécuriser et fluidifier le processus enrôlement et adhésion.;Must;R1 - PoC / socle;8;À affiner;Les champs et pièces varient automatiquement selon le profil.;Standard
US-ENR-002;ENR-002;Enrôlement et adhésion;Validateur des enrôlements;Sauvegarder un brouillon et reprendre sur un autre appareil;En tant que validateur des enrôlements, je veux sauvegarder un brouillon et reprendre sur un autre appareil. afin de sécuriser et fluidifier le processus enrôlement et adhésion.;Must;R1 - PoC / socle;8;À affiner;Le demandeur récupère son dossier après authentification OTP.;Standard
US-ENR-003;ENR-003;Enrôlement et adhésion;Validateur des enrôlements;Capturer RCCM, NIF et contacts avec contrôle de format;En tant que validateur des enrôlements, je veux capturer RCCM, NIF et contacts avec contrôle de format. afin de sécuriser et fluidifier le processus enrôlement et adhésion.;Must;R1 - PoC / socle;8;À affiner;Les formats invalides sont refusés avant soumission.;Standard
US-ENR-004;ENR-004;Enrôlement et adhésion;Validateur des enrôlements;Gérer les pièces obligatoires, facultatives et conditionnelles;En tant que validateur des enrôlements, je veux gérer les pièces obligatoires, facultatives et conditionnelles. afin de sécuriser et fluidifier le processus enrôlement et adhésion.;Must;R1 - PoC / socle;8;À affiner;La soumission est bloquée si une pièce requise manque.;Standard
US-ENR-005;ENR-005;Enrôlement et adhésion;Validateur des enrôlements;Permettre au contrôleur de demander un complément avec motif;En tant que validateur des enrôlements, je veux permettre au contrôleur de demander un complément avec motif. afin de sécuriser et fluidifier le processus enrôlement et adhésion.;Must;R1 - PoC / socle;8;À affiner;Le membre reçoit la liste exacte et une échéance.;Standard
US-ENR-006;ENR-006;Enrôlement et adhésion;Validateur des enrôlements;Tracer le consentement, la version de la politique et l’horodatage;En tant que validateur des enrôlements, je veux tracer le consentement, la version de la politique et l’horodatage. afin de sécuriser et fluidifier le processus enrôlement et adhésion.;Must;R1 - PoC / socle;8;À affiner;La preuve est exportable pour audit.;Standard
US-ENR-007;ENR-007;Enrôlement et adhésion;Validateur des enrôlements;Mesurer le taux de conversion par canal, groupement et campagne;En tant que validateur des enrôlements, je veux mesurer le taux de conversion par canal, groupement et campagne. afin de sécuriser et fluidifier le processus enrôlement et adhésion.;Should;R2 - Déploiement élargi;5;À affiner;Le tableau de bord présente les étapes d’abandon.;Standard
US-ENR-008;ENR-008;Enrôlement et adhésion;Validateur des enrôlements;Fonctionner en mode faible connectivité;En tant que validateur des enrôlements, je veux fonctionner en mode faible connectivité. afin de sécuriser et fluidifier le processus enrôlement et adhésion.;Must;R1 - PoC / socle;8;À affiner;Compression images, reprise de chargement et synchronisation différée.;Standard
US-COT-001;COT-001;Cotisations et échéanciers;Responsable financier;Générer automatiquement les appels selon l’exercice et le barème;En tant que responsable financier, je veux générer automatiquement les appels selon l’exercice et le barème. afin de sécuriser et fluidifier le processus cotisations et échéanciers.;Must;R1 - PoC / socle;8;À affiner;Chaque membre éligible reçoit un appel unique et traçable.;Standard
US-COT-002;COT-002;Cotisations et échéanciers;Responsable financier;Soumettre une campagne d’appels à simulation puis validation;En tant que responsable financier, je veux soumettre une campagne d’appels à simulation puis validation. afin de sécuriser et fluidifier le processus cotisations et échéanciers.;Must;R1 - PoC / socle;8;À affiner;Le total, les exceptions et écarts sont visibles avant émission.;Standard
US-COT-003;COT-003;Cotisations et échéanciers;Responsable financier;Émettre l’appel en PDF et via portail, e-mail, SMS ou push;En tant que responsable financier, je veux émettre l’appel en PDF et via portail, e-mail, SMS ou push. afin de sécuriser et fluidifier le processus cotisations et échéanciers.;Must;R1 - PoC / socle;8;À affiner;L’historique de diffusion indique canal, date et statut.;Standard
US-COT-004;COT-004;Cotisations et échéanciers;Responsable financier;Gérer les appels complémentaires, avoirs et annulations;En tant que responsable financier, je veux gérer les appels complémentaires, avoirs et annulations. afin de sécuriser et fluidifier le processus cotisations et échéanciers.;Must;R1 - PoC / socle;8;À affiner;Chaque correction référence l’appel initial et exige un motif.;Standard
US-COT-005;COT-005;Cotisations et échéanciers;Responsable financier;Gérer les échéanciers et paiements partiels;En tant que responsable financier, je veux gérer les échéanciers et paiements partiels. afin de sécuriser et fluidifier le processus cotisations et échéanciers.;Must;R1 - PoC / socle;8;À affiner;Le solde et la prochaine échéance sont recalculés en temps réel.;Standard
US-COT-006;COT-006;Cotisations et échéanciers;Responsable financier;Appliquer automatiquement la période de grâce et les pénalités;En tant que responsable financier, je veux appliquer automatiquement la période de grâce et les pénalités. afin de sécuriser et fluidifier le processus cotisations et échéanciers.;Should;R2 - Déploiement élargi;5;À affiner;Les règles sont versionnées et visibles dans le détail de calcul.;Standard
US-COT-007;COT-007;Cotisations et échéanciers;Responsable financier;Bloquer la modification d’un appel déjà payé sans workflow d’annulation;En tant que responsable financier, je veux bloquer la modification d’un appel déjà payé sans workflow d’annulation. afin de sécuriser et fluidifier le processus cotisations et échéanciers.;Must;R1 - PoC / socle;8;À affiner;Une opération corrective génère une écriture compensatrice.;Standard
US-COT-008;COT-008;Cotisations et échéanciers;Responsable financier;Produire une situation de compte certifiable à une date donnée;En tant que responsable financier, je veux produire une situation de compte certifiable à une date donnée. afin de sécuriser et fluidifier le processus cotisations et échéanciers.;Must;R1 - PoC / socle;8;À affiner;Le document restitue appels, paiements, soldes et ajustements.;Standard
US-PAY-001;PAY-001;Paiements et rapprochement;Comptable CNPM;Générer une référence de paiement unique et non prédictible;En tant que comptable cnpm, je veux générer une référence de paiement unique et non prédictible. afin de sécuriser et fluidifier le processus paiements et rapprochement.;Must;R1 - PoC / socle;8;À affiner;La référence permet d’identifier membre, appel et canal sans exposer d’information sensible.;Élevé
US-PAY-002;PAY-002;Paiements et rapprochement;Comptable CNPM;Recevoir les statuts des opérateurs via API sécurisée;En tant que comptable cnpm, je veux recevoir les statuts des opérateurs via API sécurisée. afin de sécuriser et fluidifier le processus paiements et rapprochement.;Must;R1 - PoC / socle;8;À affiner;Chaque callback est authentifié, idempotent et journalisé.;Élevé
US-PAY-003;PAY-003;Paiements et rapprochement;Comptable CNPM;Importer les relevés bancaires en formats configurables;En tant que comptable cnpm, je veux importer les relevés bancaires en formats configurables. afin de sécuriser et fluidifier le processus paiements et rapprochement.;Must;R1 - PoC / socle;8;À affiner;Le système détecte doublons, incohérences et lignes non imputées.;Élevé
US-PAY-004;PAY-004;Paiements et rapprochement;Comptable CNPM;Rapprocher automatiquement par référence, montant, date et payeur;En tant que comptable cnpm, je veux rapprocher automatiquement par référence, montant, date et payeur. afin de sécuriser et fluidifier le processus paiements et rapprochement.;Must;R1 - PoC / socle;8;À affiner;"Un score explique la proposition; le seuil est paramétrable.";Élevé
US-PAY-005;PAY-005;Paiements et rapprochement;Comptable CNPM;Présenter une file de rapprochement manuel;En tant que comptable cnpm, je veux présenter une file de rapprochement manuel. afin de sécuriser et fluidifier le processus paiements et rapprochement.;Must;R1 - PoC / socle;8;À affiner;L’agent voit preuve, candidat, écarts et historique avant décision.;Élevé
US-PAY-006;PAY-006;Paiements et rapprochement;Comptable CNPM;Gérer trop-perçus, sous-paiements, remboursements et rejets;En tant que comptable cnpm, je veux gérer trop-perçus, sous-paiements, remboursements et rejets. afin de sécuriser et fluidifier le processus paiements et rapprochement.;Must;R1 - PoC / socle;8;À affiner;Chaque cas suit un workflow comptable et laisse une piste d’audit.;Élevé
US-PAY-007;PAY-007;Paiements et rapprochement;Comptable CNPM;Empêcher la double confirmation d’une transaction;En tant que comptable cnpm, je veux empêcher la double confirmation d’une transaction. afin de sécuriser et fluidifier le processus paiements et rapprochement.;Must;R1 - PoC / socle;8;À affiner;Les clés d’idempotence et contrôles d’unicité bloquent le doublon.;Élevé
US-PAY-008;PAY-008;Paiements et rapprochement;Comptable CNPM;Alerter sur les anomalies et paiements suspects;En tant que comptable cnpm, je veux alerter sur les anomalies et paiements suspects. afin de sécuriser et fluidifier le processus paiements et rapprochement.;Should;R2 - Déploiement élargi;5;À affiner;Règles : montant inhabituel, canal incohérent, répétition, modification de compte.;Élevé
US-REC-001;REC-001;Reçus et attestations;Responsable financier;Émettre un reçu uniquement après confirmation CNPM;En tant que responsable financier, je veux émettre un reçu uniquement après confirmation CNPM. afin de sécuriser et fluidifier le processus reçus et attestations.;Must;R1 - PoC / socle;8;À affiner;Aucun reçu officiel ne peut être produit sur paiement non confirmé.;Élevé
US-REC-002;REC-002;Reçus et attestations;Responsable financier;Inclure numéro unique, membre, montant, période, canal, date et signature;En tant que responsable financier, je veux inclure numéro unique, membre, montant, période, canal, date et signature. afin de sécuriser et fluidifier le processus reçus et attestations.;Must;R1 - PoC / socle;8;À affiner;Le PDF contient toutes les mentions obligatoires et le logo CNPM.;Élevé
US-REC-003;REC-003;Reçus et attestations;Responsable financier;Signer électroniquement et apposer un QR de vérification;En tant que responsable financier, je veux signer électroniquement et apposer un QR de vérification. afin de sécuriser et fluidifier le processus reçus et attestations.;Should;R2 - Déploiement élargi;5;À affiner;Le QR valide l’authenticité sans exposer de données confidentielles.;Élevé
US-REC-004;REC-004;Reçus et attestations;Responsable financier;Notifier le membre par portail, e-mail, SMS et/ou push;En tant que responsable financier, je veux notifier le membre par portail, e-mail, SMS et/ou push. afin de sécuriser et fluidifier le processus reçus et attestations.;Must;R1 - PoC / socle;8;À affiner;Le statut de livraison est conservé.;Élevé
US-REC-005;REC-005;Reçus et attestations;Responsable financier;Annuler/remplacer un reçu via workflow contrôlé;En tant que responsable financier, je veux annuler/remplacer un reçu via workflow contrôlé. afin de sécuriser et fluidifier le processus reçus et attestations.;Must;R1 - PoC / socle;8;À affiner;Le reçu annulé reste archivé et la version de remplacement le référence.;Élevé
US-REC-006;REC-006;Reçus et attestations;Responsable financier;Permettre la vérification publique limitée d’un reçu;En tant que responsable financier, je veux permettre la vérification publique limitée d’un reçu. afin de sécuriser et fluidifier le processus reçus et attestations.;Should;R2 - Déploiement élargi;5;À affiner;La page confirme authenticité, statut et montant sans données excessives.;Élevé
US-REL-001;REL-001;Recouvrement et relances;Agent de recouvrement;Configurer des séquences par événement, délai, canal et segment;En tant que agent de recouvrement, je veux configurer des séquences par événement, délai, canal et segment. afin de sécuriser et fluidifier le processus recouvrement et relances.;Must;R1 - PoC / socle;8;À affiner;Exemple : J-15 e-mail, J-7 SMS, J+3 appel, J+15 courrier.;Standard
US-REL-002;REL-002;Recouvrement et relances;Agent de recouvrement;Personnaliser les messages avec données membre et solde;En tant que agent de recouvrement, je veux personnaliser les messages avec données membre et solde. afin de sécuriser et fluidifier le processus recouvrement et relances.;Must;R1 - PoC / socle;8;À affiner;Les modèles affichent un aperçu avant envoi.;Standard
US-REL-003;REL-003;Recouvrement et relances;Agent de recouvrement;Gérer les consentements et préférences de communication;En tant que agent de recouvrement, je veux gérer les consentements et préférences de communication. afin de sécuriser et fluidifier le processus recouvrement et relances.;Must;R1 - PoC / socle;8;À affiner;Le canal non autorisé n’est jamais utilisé, sauf obligation légale.;Standard
US-REL-004;REL-004;Recouvrement et relances;Agent de recouvrement;Suspendre automatiquement les relances en cas de litige ou promesse active;En tant que agent de recouvrement, je veux suspendre automatiquement les relances en cas de litige ou promesse active. afin de sécuriser et fluidifier le processus recouvrement et relances.;Must;R1 - PoC / socle;8;À affiner;La suspension est visible et datée.;Standard
US-REL-005;REL-005;Recouvrement et relances;Agent de recouvrement;Créer et suivre les promesses de paiement;En tant que agent de recouvrement, je veux créer et suivre les promesses de paiement. afin de sécuriser et fluidifier le processus recouvrement et relances.;Must;R1 - PoC / socle;8;À affiner;Montant, date, commentaire et statut tenu/non tenu sont obligatoires.;Standard
US-REL-006;REL-006;Recouvrement et relances;Agent de recouvrement;Planifier appels, visites et rendez-vous;En tant que agent de recouvrement, je veux planifier appels, visites et rendez-vous. afin de sécuriser et fluidifier le processus recouvrement et relances.;Should;R2 - Déploiement élargi;5;À affiner;Les tâches apparaissent dans l’agenda et le portefeuille de l’agent.;Standard
US-REL-007;REL-007;Recouvrement et relances;Agent de recouvrement;Mesurer performance par campagne, agent, canal et segment;En tant que agent de recouvrement, je veux mesurer performance par campagne, agent, canal et segment. afin de sécuriser et fluidifier le processus recouvrement et relances.;Must;R1 - PoC / socle;8;À affiner;Taux de contact, conversion, montant récupéré, coût et délai moyen.;Standard
US-REL-008;REL-008;Recouvrement et relances;Agent de recouvrement;Proposer une priorisation assistée par score;En tant que agent de recouvrement, je veux proposer une priorisation assistée par score. afin de sécuriser et fluidifier le processus recouvrement et relances.;Could;R3 - Innovation;3;À affiner;Le score est explicable et ne décide pas seul d’une sanction.;Standard
US-PRT-001;PRT-001;Portail et application membre;Membre autorisé;Connexion par mot de passe ou OTP avec 2FA selon risque;En tant que membre autorisé, je veux connexion par mot de passe ou OTP avec 2FA selon risque. afin de sécuriser et fluidifier le processus portail et application membre.;Must;R1 - PoC / socle;8;À affiner;Le membre peut récupérer son accès sans intervention manuelle abusive.;Standard
US-PRT-002;PRT-002;Portail et application membre;Membre autorisé;Consulter le détail des cotisations et télécharger les appels;En tant que membre autorisé, je veux consulter le détail des cotisations et télécharger les appels. afin de sécuriser et fluidifier le processus portail et application membre.;Must;R1 - PoC / socle;8;À affiner;Les calculs et ajustements sont explicités.;Standard
US-PRT-003;PRT-003;Portail et application membre;Membre autorisé;Initier un paiement et suivre son statut;En tant que membre autorisé, je veux initier un paiement et suivre son statut. afin de sécuriser et fluidifier le processus portail et application membre.;Must;R1 - PoC / socle;8;À affiner;Le statut est actualisé et les échecs sont expliqués.;Standard
US-PRT-004;PRT-004;Portail et application membre;Membre autorisé;Télécharger reçus, attestations et carte membre;En tant que membre autorisé, je veux télécharger reçus, attestations et carte membre. afin de sécuriser et fluidifier le processus portail et application membre.;Must;R1 - PoC / socle;8;À affiner;Les documents sont signés et vérifiables.;Standard
US-PRT-005;PRT-005;Portail et application membre;Membre autorisé;Mettre à jour les informations soumises à validation;En tant que membre autorisé, je veux mettre à jour les informations soumises à validation. afin de sécuriser et fluidifier le processus portail et application membre.;Must;R1 - PoC / socle;8;À affiner;Les changements sensibles restent en attente jusqu’à validation.;Standard
US-PRT-006;PRT-006;Portail et application membre;Membre autorisé;Déposer et suivre une requête ou réclamation;En tant que membre autorisé, je veux déposer et suivre une requête ou réclamation. afin de sécuriser et fluidifier le processus portail et application membre.;Must;R1 - PoC / socle;8;À affiner;Le membre voit le SLA, les réponses et les pièces demandées.;Standard
US-PRT-007;PRT-007;Portail et application membre;Membre autorisé;Inscrire des représentants aux événements;En tant que membre autorisé, je veux inscrire des représentants aux événements. afin de sécuriser et fluidifier le processus portail et application membre.;Should;R2 - Déploiement élargi;5;À affiner;Confirmation, QR d’accès et rappel automatiques.;Standard
US-PRT-008;PRT-008;Portail et application membre;Membre autorisé;Gérer les utilisateurs délégués de l’entreprise;En tant que membre autorisé, je veux gérer les utilisateurs délégués de l’entreprise. afin de sécuriser et fluidifier le processus portail et application membre.;Should;R2 - Déploiement élargi;5;À affiner;Le représentant principal attribue des droits limités.;Standard
US-PRT-009;PRT-009;Portail et application membre;Membre autorisé;Utiliser l’application en français et préparer d’autres langues;En tant que membre autorisé, je veux utiliser l’application en français et préparer d’autres langues. afin de sécuriser et fluidifier le processus portail et application membre.;Should;R2 - Déploiement élargi;5;À affiner;Tous les libellés sont externalisés et traduisibles.;Standard
US-PRT-010;PRT-010;Portail et application membre;Membre autorisé;Recevoir des notifications push pertinentes;En tant que membre autorisé, je veux recevoir des notifications push pertinentes. afin de sécuriser et fluidifier le processus portail et application membre.;Should;R2 - Déploiement élargi;5;À affiner;Les préférences sont modifiables et la désinscription respectée.;Standard
US-REQ-001;REQ-001;Requêtes et réclamations;Agent services aux membres;Attribuer un numéro de dossier unique et un accusé de réception;En tant que agent services aux membres, je veux attribuer un numéro de dossier unique et un accusé de réception. afin de sécuriser et fluidifier le processus requêtes et réclamations.;Must;R2 - Déploiement élargi;8;À affiner;Le membre reçoit numéro, date et délai cible.;Standard
US-REQ-002;REQ-002;Requêtes et réclamations;Agent services aux membres;Qualifier automatiquement ou manuellement la demande;En tant que agent services aux membres, je veux qualifier automatiquement ou manuellement la demande. afin de sécuriser et fluidifier le processus requêtes et réclamations.;Must;R2 - Déploiement élargi;8;À affiner;Catégorie, priorité, service, confidentialité et responsable sont définis.;Standard
US-REQ-003;REQ-003;Requêtes et réclamations;Agent services aux membres;Affecter selon compétence, charge et groupement;En tant que agent services aux membres, je veux affecter selon compétence, charge et groupement. afin de sécuriser et fluidifier le processus requêtes et réclamations.;Should;R2 - Déploiement élargi;5;À affiner;L’affectation automatique peut être reprise avec motif.;Standard
US-REQ-004;REQ-004;Requêtes et réclamations;Agent services aux membres;Gérer échanges, pièces, commentaires internes et réponses externes;En tant que agent services aux membres, je veux gérer échanges, pièces, commentaires internes et réponses externes. afin de sécuriser et fluidifier le processus requêtes et réclamations.;Must;R2 - Déploiement élargi;8;À affiner;Les notes internes ne sont jamais visibles du membre.;Standard
US-REQ-005;REQ-005;Requêtes et réclamations;Agent services aux membres;Suivre SLA, relances internes et escalades;En tant que agent services aux membres, je veux suivre SLA, relances internes et escalades. afin de sécuriser et fluidifier le processus requêtes et réclamations.;Must;R2 - Déploiement élargi;8;À affiner;Des alertes sont envoyées avant et après dépassement.;Standard
US-REQ-006;REQ-006;Requêtes et réclamations;Agent services aux membres;Permettre au membre de réouvrir dans un délai paramétrable;En tant que agent services aux membres, je veux permettre au membre de réouvrir dans un délai paramétrable. afin de sécuriser et fluidifier le processus requêtes et réclamations.;Should;R2 - Déploiement élargi;5;À affiner;Le motif de réouverture est obligatoire.;Standard
US-REQ-007;REQ-007;Requêtes et réclamations;Agent services aux membres;Mesurer satisfaction et qualité de service;En tant que agent services aux membres, je veux mesurer satisfaction et qualité de service. afin de sécuriser et fluidifier le processus requêtes et réclamations.;Should;R2 - Déploiement élargi;5;À affiner;Score, verbatim et motif d’insatisfaction sont exploitables en BI.;Standard
US-REQ-008;REQ-008;Requêtes et réclamations;Agent services aux membres;Capitaliser les réponses en base de connaissances;En tant que agent services aux membres, je veux capitaliser les réponses en base de connaissances. afin de sécuriser et fluidifier le processus requêtes et réclamations.;Could;R3 - Innovation;3;À affiner;Une réponse validée peut être transformée en article FAQ.;Standard
US-GRP-001;GRP-001;Groupements professionnels;Référent de groupement;Créer les groupements, responsables, mandats et zones;En tant que référent de groupement, je veux créer les groupements, responsables, mandats et zones. afin de sécuriser et fluidifier le processus groupements professionnels.;Must;R2 - Déploiement élargi;8;À affiner;Chaque membre est rattaché à un ou plusieurs groupements selon règles.;Standard
US-GRP-002;GRP-002;Groupements professionnels;Référent de groupement;Attribuer un portefeuille de prospects et membres;En tant que référent de groupement, je veux attribuer un portefeuille de prospects et membres. afin de sécuriser et fluidifier le processus groupements professionnels.;Must;R2 - Déploiement élargi;8;À affiner;Le groupement ne voit que son périmètre autorisé.;Standard
US-GRP-003;GRP-003;Groupements professionnels;Référent de groupement;Suivre objectifs d’enrôlement, cotisation et réactivation;En tant que référent de groupement, je veux suivre objectifs d’enrôlement, cotisation et réactivation. afin de sécuriser et fluidifier le processus groupements professionnels.;Must;R2 - Déploiement élargi;8;À affiner;Les objectifs et réalisations sont comparables par période.;Standard
US-GRP-004;GRP-004;Groupements professionnels;Référent de groupement;Former et habiliter des référents de groupement;En tant que référent de groupement, je veux former et habiliter des référents de groupement. afin de sécuriser et fluidifier le processus groupements professionnels.;Should;R2 - Déploiement élargi;5;À affiner;Le système suit habilitation, date de formation et expiration.;Standard
US-GRP-005;GRP-005;Groupements professionnels;Référent de groupement;Gérer les commissions, membres, mandats et documents;En tant que référent de groupement, je veux gérer les commissions, membres, mandats et documents. afin de sécuriser et fluidifier le processus groupements professionnels.;Should;R2 - Déploiement élargi;5;À affiner;L’historique des compositions est conservé.;Standard
US-GRP-006;GRP-006;Groupements professionnels;Référent de groupement;Produire des tableaux de bord sectoriels;En tant que référent de groupement, je veux produire des tableaux de bord sectoriels. afin de sécuriser et fluidifier le processus groupements professionnels.;Must;R2 - Déploiement élargi;8;À affiner;Encaissements, adhésions, retard et engagement par groupement.;Standard
US-PRI-001;PRI-001;Primes et partage de revenus;Commission de vérification;Associer chaque encaissement à une catégorie de mobilisation;En tant que commission de vérification, je veux associer chaque encaissement à une catégorie de mobilisation. afin de sécuriser et fluidifier le processus primes et partage de revenus.;Must;R2 - Déploiement élargi;8;À affiner;La catégorie est déterminée par règle et peut être corrigée avec validation.;Élevé
US-PRI-002;PRI-002;Primes et partage de revenus;Commission de vérification;Calculer automatiquement la prime selon taux, base et plafonds;En tant que commission de vérification, je veux calculer automatiquement la prime selon taux, base et plafonds. afin de sécuriser et fluidifier le processus primes et partage de revenus.;Must;R2 - Déploiement élargi;8;À affiner;Le détail de calcul est explicable et exportable.;Élevé
US-PRI-003;PRI-003;Primes et partage de revenus;Commission de vérification;Gérer contestations, corrections et rétrocessions;En tant que commission de vérification, je veux gérer contestations, corrections et rétrocessions. afin de sécuriser et fluidifier le processus primes et partage de revenus.;Must;R2 - Déploiement élargi;8;À affiner;"Aucune suppression; les ajustements sont tracés.";Élevé
US-PRI-004;PRI-004;Primes et partage de revenus;Commission de vérification;Produire un état mensuel soumis à commission de vérification;En tant que commission de vérification, je veux produire un état mensuel soumis à commission de vérification. afin de sécuriser et fluidifier le processus primes et partage de revenus.;Must;R2 - Déploiement élargi;8;À affiner;État par agent, catégorie, membre, encaissement et montant.;Élevé
US-PRI-005;PRI-005;Primes et partage de revenus;Commission de vérification;Valider puis figer la période de prime;En tant que commission de vérification, je veux valider puis figer la période de prime. afin de sécuriser et fluidifier le processus primes et partage de revenus.;Must;R2 - Déploiement élargi;8;À affiner;Une période clôturée ne change que par réouverture autorisée.;Élevé
US-PRI-006;PRI-006;Primes et partage de revenus;Commission de vérification;Calculer la rémunération du prestataire sur encaissements éligibles;En tant que commission de vérification, je veux calculer la rémunération du prestataire sur encaissements éligibles. afin de sécuriser et fluidifier le processus primes et partage de revenus.;Must;R2 - Déploiement élargi;8;À affiner;Les cotisants maintenus sur l’ancien système sont exclus.;Élevé
US-PRI-007;PRI-007;Primes et partage de revenus;Commission de vérification;Comparer encaissement brut, frais canal, prime et net CNPM;En tant que commission de vérification, je veux comparer encaissement brut, frais canal, prime et net CNPM. afin de sécuriser et fluidifier le processus primes et partage de revenus.;Should;R2 - Déploiement élargi;5;À affiner;Le rapport de réconciliation détaille chaque composante.;Élevé
US-GED-001;GED-001;Gestion électronique des documents;Utilisateur habilité;Stocker les documents avec type, version, date, auteur et confidentialité;En tant que utilisateur habilité, je veux stocker les documents avec type, version, date, auteur et confidentialité. afin de sécuriser et fluidifier le processus gestion électronique des documents.;Must;R2 - Déploiement élargi;8;À affiner;Chaque document est rattaché à un objet métier et historisé.;Standard
US-GED-002;GED-002;Gestion électronique des documents;Utilisateur habilité;Analyser les fichiers par antivirus et contrôler extensions/tailles;En tant que utilisateur habilité, je veux analyser les fichiers par antivirus et contrôler extensions/tailles. afin de sécuriser et fluidifier le processus gestion électronique des documents.;Must;R2 - Déploiement élargi;8;À affiner;Un fichier dangereux est bloqué et l’incident journalisé.;Standard
US-GED-003;GED-003;Gestion électronique des documents;Utilisateur habilité;Gérer expiration des pièces et alertes de renouvellement;En tant que utilisateur habilité, je veux gérer expiration des pièces et alertes de renouvellement. afin de sécuriser et fluidifier le processus gestion électronique des documents.;Must;R2 - Déploiement élargi;8;À affiner;Le membre et le gestionnaire sont alertés avant échéance.;Standard
US-GED-004;GED-004;Gestion électronique des documents;Utilisateur habilité;Appliquer des durées de conservation et gel légal;En tant que utilisateur habilité, je veux appliquer des durées de conservation et gel légal. afin de sécuriser et fluidifier le processus gestion électronique des documents.;Should;R2 - Déploiement élargi;5;À affiner;La suppression respecte la politique et les litiges en cours.;Standard
US-GED-005;GED-005;Gestion électronique des documents;Utilisateur habilité;Rechercher par métadonnées et contenu OCR;En tant que utilisateur habilité, je veux rechercher par métadonnées et contenu OCR. afin de sécuriser et fluidifier le processus gestion électronique des documents.;Could;R3 - Innovation;3;À affiner;Les scans lisibles deviennent interrogeables.;Standard
US-GED-006;GED-006;Gestion électronique des documents;Utilisateur habilité;Générer les documents depuis des modèles approuvés;En tant que utilisateur habilité, je veux générer les documents depuis des modèles approuvés. afin de sécuriser et fluidifier le processus gestion électronique des documents.;Must;R2 - Déploiement élargi;8;À affiner;Les données fusionnées sont contrôlées et le modèle versionné.;Standard
US-EVT-001;EVT-001;Événements et formations;Responsable événements;Créer événements, sessions, capacités, lieux et publics cibles;En tant que responsable événements, je veux créer événements, sessions, capacités, lieux et publics cibles. afin de sécuriser et fluidifier le processus événements et formations.;Should;R2 - Déploiement élargi;5;À affiner;Les inscriptions sont limitées selon critères et capacité.;Standard
US-EVT-002;EVT-002;Événements et formations;Responsable événements;Permettre l’inscription des représentants du membre;En tant que responsable événements, je veux permettre l’inscription des représentants du membre. afin de sécuriser et fluidifier le processus événements et formations.;Should;R2 - Déploiement élargi;5;À affiner;Confirmation et QR individuel générés.;Standard
US-EVT-003;EVT-003;Événements et formations;Responsable événements;Gérer présence, certificat et satisfaction;En tant que responsable événements, je veux gérer présence, certificat et satisfaction. afin de sécuriser et fluidifier le processus événements et formations.;Could;R3 - Innovation;3;À affiner;La participation alimente l’indicateur d’engagement membre.;Standard
US-EVT-004;EVT-004;Événements et formations;Responsable événements;Publier actualités et documents ciblés;En tant que responsable événements, je veux publier actualités et documents ciblés. afin de sécuriser et fluidifier le processus événements et formations.;Should;R2 - Déploiement élargi;5;À affiner;Le contenu peut être public, réservé ou limité à un segment.;Standard
US-BI-001;BI-001;Décisionnel et reporting;Direction CNPM;Filtrer par période, exercice, membre, catégorie, secteur, groupement et canal;En tant que direction cnpm, je veux filtrer par période, exercice, membre, catégorie, secteur, groupement et canal. afin de sécuriser et fluidifier le processus décisionnel et reporting.;Must;R2 - Déploiement élargi;8;À affiner;Les filtres s’appliquent à tous les visuels cohérents.;Standard
US-BI-002;BI-002;Décisionnel et reporting;Direction CNPM;Naviguer du KPI agrégé jusqu’à la transaction autorisée;En tant que direction cnpm, je veux naviguer du KPI agrégé jusqu’à la transaction autorisée. afin de sécuriser et fluidifier le processus décisionnel et reporting.;Must;R2 - Déploiement élargi;8;À affiner;Le drill-down respecte les habilitations et masque les données sensibles.;Standard
US-BI-003;BI-003;Décisionnel et reporting;Direction CNPM;Exporter en Excel, PDF et CSV avec horodatage;En tant que direction cnpm, je veux exporter en Excel, PDF et CSV avec horodatage. afin de sécuriser et fluidifier le processus décisionnel et reporting.;Must;R2 - Déploiement élargi;8;À affiner;L’export conserve filtres, auteur et date.;Standard
US-BI-004;BI-004;Décisionnel et reporting;Direction CNPM;Programmer l’envoi de rapports aux destinataires autorisés;En tant que direction cnpm, je veux programmer l’envoi de rapports aux destinataires autorisés. afin de sécuriser et fluidifier le processus décisionnel et reporting.;Should;R2 - Déploiement élargi;5;À affiner;Fréquence, format, filtre et durée de validité configurables.;Standard
US-BI-005;BI-005;Décisionnel et reporting;Direction CNPM;Définir objectifs et seuils d’alerte;En tant que direction cnpm, je veux définir objectifs et seuils d’alerte. afin de sécuriser et fluidifier le processus décisionnel et reporting.;Must;R2 - Déploiement élargi;8;À affiner;Les alertes montrent écart, cause probable et lien vers détail.;Standard
US-BI-006;BI-006;Décisionnel et reporting;Direction CNPM;Afficher tendances, comparaisons N/N-1 et prévisions;En tant que direction cnpm, je veux afficher tendances, comparaisons N/N-1 et prévisions. afin de sécuriser et fluidifier le processus décisionnel et reporting.;Should;R2 - Déploiement élargi;5;À affiner;Les méthodes de prévision et marges d’incertitude sont documentées.;Standard
US-BI-007;BI-007;Décisionnel et reporting;Direction CNPM;Maintenir un dictionnaire des KPI;En tant que direction cnpm, je veux maintenir un dictionnaire des KPI. afin de sécuriser et fluidifier le processus décisionnel et reporting.;Must;R2 - Déploiement élargi;8;À affiner;Définition, formule, source, fréquence et propriétaire accessibles.;Standard
US-BI-008;BI-008;Décisionnel et reporting;Direction CNPM;Permettre des tableaux de bord personnalisés par rôle;En tant que direction cnpm, je veux permettre des tableaux de bord personnalisés par rôle. afin de sécuriser et fluidifier le processus décisionnel et reporting.;Could;R3 - Innovation;3;À affiner;L’utilisateur peut enregistrer sa vue sans modifier la vue institutionnelle.;Standard
US-SEC-001;SEC-001;Sécurité et identité;Administrateur sécurité;Imposer 2FA aux administrateurs, financiers et comptes sensibles;En tant que administrateur sécurité, je veux imposer 2FA aux administrateurs, financiers et comptes sensibles. afin de sécuriser et fluidifier le processus sécurité et identité.;Must;R1 - PoC / socle;8;À affiner;"TOTP, application d’authentification ou OTP; SMS en secours contrôlé.";Élevé
US-SEC-002;SEC-002;Sécurité et identité;Administrateur sécurité;Appliquer une authentification adaptative selon risque;En tant que administrateur sécurité, je veux appliquer une authentification adaptative selon risque. afin de sécuriser et fluidifier le processus sécurité et identité.;Should;R2 - Déploiement élargi;5;À affiner;Nouvel appareil, pays inhabituel ou action sensible déclenche une étape supplémentaire.;Élevé
US-SEC-003;SEC-003;Sécurité et identité;Administrateur sécurité;Gérer politique de mot de passe, verrouillage et récupération sécurisée;En tant que administrateur sécurité, je veux gérer politique de mot de passe, verrouillage et récupération sécurisée. afin de sécuriser et fluidifier le processus sécurité et identité.;Must;R1 - PoC / socle;8;À affiner;La récupération ne révèle pas l’existence d’un compte.;Élevé
US-SEC-004;SEC-004;Sécurité et identité;Administrateur sécurité;Révoquer sessions et appareils depuis le profil;En tant que administrateur sécurité, je veux révoquer sessions et appareils depuis le profil. afin de sécuriser et fluidifier le processus sécurité et identité.;Should;R2 - Déploiement élargi;5;À affiner;L’utilisateur voit les sessions actives et peut les fermer.;Élevé
US-SEC-005;SEC-005;Sécurité et identité;Administrateur sécurité;Supporter SSO/OIDC pour les agents CNPM;En tant que administrateur sécurité, je veux supporter SSO/OIDC pour les agents CNPM. afin de sécuriser et fluidifier le processus sécurité et identité.;Should;R2 - Déploiement élargi;5;À affiner;Intégration à un fournisseur d’identité possible sans refonte.;Élevé
US-AUD-001;AUD-001;Audit et conformité;Auditeur habilité;Journaliser connexions, consultations sensibles, créations, modifications, validations et exports;En tant que auditeur habilité, je veux journaliser connexions, consultations sensibles, créations, modifications, validations et exports. afin de sécuriser et fluidifier le processus audit et conformité.;Must;R1 - PoC / socle;8;À affiner;Événement, auteur, horodatage, objet, avant/après, IP/appareil et résultat.;Élevé
US-AUD-002;AUD-002;Audit et conformité;Auditeur habilité;Rendre les journaux inaltérables et consultables par l’auditeur;En tant que auditeur habilité, je veux rendre les journaux inaltérables et consultables par l’auditeur. afin de sécuriser et fluidifier le processus audit et conformité.;Must;R1 - PoC / socle;8;À affiner;Les utilisateurs opérationnels ne peuvent ni modifier ni supprimer.;Élevé
US-AUD-003;AUD-003;Audit et conformité;Auditeur habilité;Rechercher et exporter les événements pour une période;En tant que auditeur habilité, je veux rechercher et exporter les événements pour une période. afin de sécuriser et fluidifier le processus audit et conformité.;Must;R1 - PoC / socle;8;À affiner;Export signé/horodaté avec filtres et motif d’accès.;Élevé
US-AUD-004;AUD-004;Audit et conformité;Auditeur habilité;Déclencher alertes sur événements critiques;En tant que auditeur habilité, je veux déclencher alertes sur événements critiques. afin de sécuriser et fluidifier le processus audit et conformité.;Must;R1 - PoC / socle;8;À affiner;Exemples : compte privilégié, changement bancaire, export massif, échecs répétés.;Élevé
US-AUD-005;AUD-005;Audit et conformité;Auditeur habilité;Définir la durée de conservation par type de journal;En tant que auditeur habilité, je veux définir la durée de conservation par type de journal. afin de sécuriser et fluidifier le processus audit et conformité.;Should;R2 - Déploiement élargi;5;À affiner;La politique est paramétrable et conforme aux obligations applicables.;Élevé
US-INT-001;INT-001;Intégrations et interopérabilité;Système partenaire;Prévoir un identifiant de correspondance externe par entreprise;En tant que système partenaire, je veux prévoir un identifiant de correspondance externe par entreprise. afin de sécuriser et fluidifier le processus intégrations et interopérabilité.;Must;R1 - PoC / socle;8;À affiner;Plusieurs identifiants externes peuvent être liés sans remplacer l’ID CNPM.;Élevé
US-INT-002;INT-002;Intégrations et interopérabilité;Système partenaire;Versionner les API et contrats d’échange;En tant que système partenaire, je veux versionner les API et contrats d’échange. afin de sécuriser et fluidifier le processus intégrations et interopérabilité.;Must;R1 - PoC / socle;8;À affiner;Une nouvelle version n’interrompt pas les consommateurs existants.;Élevé
US-INT-003;INT-003;Intégrations et interopérabilité;Système partenaire;Gérer consentement et base légale avant tout échange;En tant que système partenaire, je veux gérer consentement et base légale avant tout échange. afin de sécuriser et fluidifier le processus intégrations et interopérabilité.;Must;R1 - PoC / socle;8;À affiner;Chaque flux est documenté et autorisé.;Élevé
US-INT-004;INT-004;Intégrations et interopérabilité;Système partenaire;Tracer l’origine, la date et la qualité de chaque donnée importée;En tant que système partenaire, je veux tracer l’origine, la date et la qualité de chaque donnée importée. afin de sécuriser et fluidifier le processus intégrations et interopérabilité.;Must;R1 - PoC / socle;8;À affiner;La provenance reste visible et auditable.;Élevé
US-INT-005;INT-005;Intégrations et interopérabilité;Système partenaire;Résoudre les conflits de données selon règles de confiance;En tant que système partenaire, je veux résoudre les conflits de données selon règles de confiance. afin de sécuriser et fluidifier le processus intégrations et interopérabilité.;Should;R2 - Déploiement élargi;5;À affiner;Aucune donnée CNPM validée n’est écrasée silencieusement.;Élevé
US-INT-006;INT-006;Intégrations et interopérabilité;Système partenaire;Tester l’intégration dans un environnement sandbox;En tant que système partenaire, je veux tester l’intégration dans un environnement sandbox. afin de sécuriser et fluidifier le processus intégrations et interopérabilité.;Should;R2 - Déploiement élargi;5;À affiner;Jeux de données fictifs, clés distinctes et journal de tests.;Élevé
US-DB-001;DB-001;PostgreSQL et données;Administrateur PostgreSQL;Utiliser PostgreSQL comme seul SGBD relationnel de production;En tant que administrateur postgresql, je veux utiliser PostgreSQL comme seul SGBD relationnel de production. afin de sécuriser et fluidifier le processus postgresql et données.;Must;R1 - PoC / socle;8;À affiner;"Les bases métier, Keycloak, Flowable et métadonnées BI utilisent PostgreSQL; H2 est limité aux tests locaux.";Élevé
US-DB-002;DB-002;PostgreSQL et données;Administrateur PostgreSQL;Maintenir PostgreSQL sur une version officiellement supportée et le dernier correctif mineur validé;En tant que administrateur postgresql, je veux maintenir PostgreSQL sur une version officiellement supportée et le dernier correctif mineur validé. afin de sécuriser et fluidifier le processus postgresql et données.;Must;R1 - PoC / socle;8;À affiner;La matrice de versions indique date d'installation, patch, fin de support et plan de montée de version.;Élevé
US-DB-003;DB-003;PostgreSQL et données;Administrateur PostgreSQL;Séparer les domaines par schémas et propriétaires techniques distincts;En tant que administrateur postgresql, je veux séparer les domaines par schémas et propriétaires techniques distincts. afin de sécuriser et fluidifier le processus postgresql et données.;Must;R1 - PoC / socle;8;À affiner;Exemples : member, contribution, payment, recovery, service, governance, integration, audit, reporting.;Élevé
US-DB-004;DB-004;PostgreSQL et données;Administrateur PostgreSQL;Employer des clés techniques UUID et des numéros métiers lisibles séparés;En tant que administrateur postgresql, je veux employer des clés techniques UUID et des numéros métiers lisibles séparés. afin de sécuriser et fluidifier le processus postgresql et données.;Must;R1 - PoC / socle;8;À affiner;Un changement de numéro métier ne modifie jamais la clé ni les relations.;Élevé
US-DB-005;DB-005;PostgreSQL et données;Administrateur PostgreSQL;Stocker les montants en NUMERIC avec code devise et règles d'arrondi explicites;En tant que administrateur postgresql, je veux stocker les montants en NUMERIC avec code devise et règles d'arrondi explicites. afin de sécuriser et fluidifier le processus postgresql et données.;Must;R1 - PoC / socle;8;À affiner;Aucun type flottant n'est utilisé pour une cotisation, prime, commission, frais ou solde.;Élevé
US-DB-006;DB-006;PostgreSQL et données;Administrateur PostgreSQL;Stocker les horodatages en TIMESTAMPTZ et afficher selon Africa/Bamako;En tant que administrateur postgresql, je veux stocker les horodatages en TIMESTAMPTZ et afficher selon Africa/Bamako. afin de sécuriser et fluidifier le processus postgresql et données.;Must;R1 - PoC / socle;8;À affiner;L'instant UTC, le fuseau d'affichage et la date métier restent non ambigus.;Élevé
US-DB-007;DB-007;PostgreSQL et données;Administrateur PostgreSQL;Imposer clés étrangères, unicité, CHECK et transactions sur les invariants métier;En tant que administrateur postgresql, je veux imposer clés étrangères, unicité, CHECK et transactions sur les invariants métier. afin de sécuriser et fluidifier le processus postgresql et données.;Must;R1 - PoC / socle;8;À affiner;Les incohérences critiques sont rejetées même si elles proviennent d'un import ou d'une API.;Élevé
US-DB-008;DB-008;PostgreSQL et données;Administrateur PostgreSQL;Rendre les écritures financières validées append-only;En tant que administrateur postgresql, je veux rendre les écritures financières validées append-only. afin de sécuriser et fluidifier le processus postgresql et données.;Must;R1 - PoC / socle;8;À affiner;"Aucune suppression physique; annulation et correction par écritures compensatrices liées.";Élevé
US-DB-009;DB-009;PostgreSQL et données;Administrateur PostgreSQL;Garantir l'idempotence par contraintes uniques et clés de déduplication;En tant que administrateur postgresql, je veux garantir l'idempotence par contraintes uniques et clés de déduplication. afin de sécuriser et fluidifier le processus postgresql et données.;Must;R1 - PoC / socle;8;À affiner;Une transaction externe, un webhook ou un lot rejoué ne peut être comptabilisé deux fois.;Élevé
US-DB-010;DB-010;PostgreSQL et données;Administrateur PostgreSQL;Limiter JSONB aux métadonnées extensibles non critiques;En tant que administrateur postgresql, je veux limiter JSONB aux métadonnées extensibles non critiques. afin de sécuriser et fluidifier le processus postgresql et données.;Must;R1 - PoC / socle;8;À affiner;Les champs de recherche, calcul, contrôle ou reporting sont modélisés en colonnes typées.;Élevé
US-DB-011;DB-011;PostgreSQL et données;Administrateur PostgreSQL;Indexer et partitionner selon des mesures réelles;En tant que administrateur postgresql, je veux indexer et partitionner selon des mesures réelles. afin de sécuriser et fluidifier le processus postgresql et données.;Should;R2 - Déploiement élargi;5;À affiner;"B-tree par défaut; GIN/pg_trgm pour recherche; partitionnement des audits, événements et notifications si nécessaire.";Élevé
US-DB-012;DB-012;PostgreSQL et données;Administrateur PostgreSQL;Appliquer les migrations par Flyway dans la CI/CD;En tant que administrateur postgresql, je veux appliquer les migrations par Flyway dans la CI/CD. afin de sécuriser et fluidifier le processus postgresql et données.;Must;R1 - PoC / socle;8;À affiner;Scripts versionnés, revus, testés sur copie représentative et compatibles avec un déploiement progressif.;Élevé
US-DB-013;DB-013;PostgreSQL et données;Administrateur PostgreSQL;Mettre en place sauvegardes chiffrées, archivage WAL et PITR;En tant que administrateur postgresql, je veux mettre en place sauvegardes chiffrées, archivage WAL et PITR. afin de sécuriser et fluidifier le processus postgresql et données.;Must;R1 - PoC / socle;8;À affiner;RPO 15 min et RTO 4 h démontrés par un test de restauration documenté.;Élevé
US-DB-014;DB-014;PostgreSQL et données;Administrateur PostgreSQL;Prévoir haute disponibilité et lecture décisionnelle séparée;En tant que administrateur postgresql, je veux prévoir haute disponibilité et lecture décisionnelle séparée. afin de sécuriser et fluidifier le processus postgresql et données.;Must;R1 - PoC / socle;8;À affiner;"Standby répliqué et bascule testée; BI sur réplique ou vues dédiées, jamais par requêtes lourdes sur le primaire.";Élevé
US-DB-015;DB-015;PostgreSQL et données;Administrateur PostgreSQL;Superviser capacité, verrous, réplication, vacuum et requêtes lentes;En tant que administrateur postgresql, je veux superviser capacité, verrous, réplication, vacuum et requêtes lentes. afin de sécuriser et fluidifier le processus postgresql et données.;Must;R1 - PoC / socle;8;À affiner;Alertes, pg_stat_statements, seuils et runbooks d'intervention disponibles.;Élevé
US-DB-016;DB-016;PostgreSQL et données;Administrateur PostgreSQL;Assurer la réversibilité PostgreSQL complète;En tant que administrateur postgresql, je veux assurer la réversibilité PostgreSQL complète. afin de sécuriser et fluidifier le processus postgresql et données.;Must;R1 - PoC / socle;8;À affiner;Exports SQL et formats ouverts, schéma, dictionnaire, migrations, pièces et contrôles d’intégrité sont remis au CNPM.;Élevé
US-TEC-001;TEC-001;Architecture technique et exploitation;Équipe exploitation;Démontrer que PostgreSQL est l'unique source de vérité relationnelle;En tant que équipe exploitation, je veux démontrer que PostgreSQL est l'unique source de vérité relationnelle. afin de sécuriser et fluidifier le processus architecture technique et exploitation.;Must;R1 - PoC / socle;8;À affiner;Inventaire des stockages et test de reprise prouvent qu'aucune donnée métier ne dépend uniquement d'un cache ou broker.;Standard
US-TEC-002;TEC-002;Architecture technique et exploitation;Équipe exploitation;Fournir la matrice complète des versions, licences, CVE et fins de support;En tant que équipe exploitation, je veux fournir la matrice complète des versions, licences, CVE et fins de support. afin de sécuriser et fluidifier le processus architecture technique et exploitation.;Must;R1 - PoC / socle;8;À affiner;Aucun composant en fin de vie ou sans correctif de sécurité dans la version candidate.;Standard
US-TEC-003;TEC-003;Architecture technique et exploitation;Équipe exploitation;Interdire tout accès direct des applications clientes à PostgreSQL;En tant que équipe exploitation, je veux interdire tout accès direct des applications clientes à PostgreSQL. afin de sécuriser et fluidifier le processus architecture technique et exploitation.;Must;R1 - PoC / socle;8;À affiner;Web et mobile passent exclusivement par les API authentifiées et autorisées.;Standard
US-TEC-004;TEC-004;Architecture technique et exploitation;Équipe exploitation;Reproduire un environnement depuis le code et les artefacts versionnés;En tant que équipe exploitation, je veux reproduire un environnement depuis le code et les artefacts versionnés. afin de sécuriser et fluidifier le processus architecture technique et exploitation.;Must;R1 - PoC / socle;8;À affiner;Installation automatisée sur environnement vierge avec résultat documenté.;Standard
US-TEC-005;TEC-005;Architecture technique et exploitation;Équipe exploitation;Démontrer SSO, 2FA et séparation des rôles;En tant que équipe exploitation, je veux démontrer SSO, 2FA et séparation des rôles. afin de sécuriser et fluidifier le processus architecture technique et exploitation.;Must;R1 - PoC / socle;8;À affiner;Scénarios positifs/négatifs pour administrateur, finance, agent, auditeur et membre.;Standard
US-TEC-006;TEC-006;Architecture technique et exploitation;Équipe exploitation;Restaurer PostgreSQL à un instant choisi;En tant que équipe exploitation, je veux restaurer PostgreSQL à un instant choisi. afin de sécuriser et fluidifier le processus architecture technique et exploitation.;Must;R1 - PoC / socle;8;À affiner;RPO/RTO mesurés, contrôles fonctionnels et rapprochement financier après restauration.;Standard
US-TEC-007;TEC-007;Architecture technique et exploitation;Équipe exploitation;Tester la bascule d'un nœud applicatif et de la base;En tant que équipe exploitation, je veux tester la bascule d'un nœud applicatif et de la base. afin de sécuriser et fluidifier le processus architecture technique et exploitation.;Must;R1 - PoC / socle;8;À affiner;"Aucune perte de transaction confirmée; reprise dans le SLA approuvé.";Standard
US-TEC-008;TEC-008;Architecture technique et exploitation;Équipe exploitation;Valider les performances et la faible connectivité;En tant que équipe exploitation, je veux valider les performances et la faible connectivité. afin de sécuriser et fluidifier le processus architecture technique et exploitation.;Must;R1 - PoC / socle;8;À affiner;Les seuils de la section 17.4 sont atteints sur un jeu de données et une charge représentatifs.;Standard
US-TEC-009;TEC-009;Architecture technique et exploitation;Équipe exploitation;Prouver l'idempotence des paiements et webhooks;En tant que équipe exploitation, je veux prouver l'idempotence des paiements et webhooks. afin de sécuriser et fluidifier le processus architecture technique et exploitation.;Must;R1 - PoC / socle;8;À affiner;Le même message rejoué plusieurs fois produit un seul effet financier.;Standard
US-TEC-010;TEC-010;Architecture technique et exploitation;Équipe exploitation;Corréler logs, métriques et traces;En tant que équipe exploitation, je veux corréler logs, métriques et traces. afin de sécuriser et fluidifier le processus architecture technique et exploitation.;Should;R2 - Déploiement élargi;5;À affiner;Une transaction de test est suivie de l'interface jusqu'à PostgreSQL et aux intégrations par correlation_id.;Standard
US-TEC-011;TEC-011;Architecture technique et exploitation;Équipe exploitation;Appliquer les portes de sécurité CI/CD;En tant que équipe exploitation, je veux appliquer les portes de sécurité CI/CD. afin de sécuriser et fluidifier le processus architecture technique et exploitation.;Must;R1 - PoC / socle;8;À affiner;Un secret de test, une vulnérabilité critique et un test échoué bloquent effectivement la promotion.;Standard
US-TEC-012;TEC-012;Architecture technique et exploitation;Équipe exploitation;Exécuter un exercice de réversibilité;En tant que équipe exploitation, je veux exécuter un exercice de réversibilité. afin de sécuriser et fluidifier le processus architecture technique et exploitation.;Must;R1 - PoC / socle;8;À affiner;Code, images, configuration, schéma, migrations, données et pièces sont exportés puis réinstallés sous contrôle CNPM.;Standard
